model,lambda_ss,N,density,runs,mean_attack_rate,std_attack_rate,percolation_probability,mean_duration,mean_peak_active_infected,mean_propagation_speed,mean_secondary_infections,mean_max_secondary_infections
hub,0.2,477,4.77,10,0.690147,0.450498,0.700000,11.600000,50.700000,0.493417,0.698510,11.000000
normal,0.0,477,4.77,10,0.074843,0.148634,0.000000,9.000000,4.000000,0.085573,0.557298,1.900000
strong,0.2,477,4.77,10,0.585954,0.473503,0.600000,16.600000,28.200000,0.253940,0.687595,9.000000
