model,lambda_ss,N,density,runs,mean_attack_rate,std_attack_rate,percolation_probability,mean_duration,mean_peak_active_infected,mean_propagation_speed,mean_secondary_infections,mean_max_secondary_infections
hub,0.2,477,4.77,30,0.594340,0.479785,0.600000,10.733333,42.333333,0.448853,0.748407,9.533333
normal,0.0,477,4.77,30,0.084556,0.147797,0.033333,9.133333,4.533333,0.118201,0.564106,2.233333
strong,0.2,477,4.77,30,0.519078,0.473419,0.533333,15.700000,25.100000,0.260587,0.744022,8.533333
