model,lambda_ss,N,density,runs,mean_attack_rate,std_attack_rate,percolation_probability,mean_duration,mean_peak_active_infected,mean_propagation_speed,mean_secondary_infections,mean_max_secondary_infections
hub,0.2,637,6.37,1000,0.960940,0.190457,0.962000,10.099000,152.364000,0.991944,0.968413,19.025000
normal,0.0,637,6.37,1000,0.835524,0.246231,0.919000,30.697000,41.047000,0.325175,0.962860,6.501000
strong,0.2,637,6.37,1000,0.960188,0.190328,0.962000,14.432000,99.260000,0.597248,0.968412,17.424000
