model,lambda_ss,N,density,runs,mean_attack_rate,std_attack_rate,percolation_probability,mean_duration,mean_peak_active_infected,mean_propagation_speed,mean_secondary_infections,mean_max_secondary_infections
hub,0.2,477,4.77,10,0.794340,0.396138,0.800000,10.600000,76.700000,0.385099,0.798310,12.100000
normal,0.0,477,4.77,10,0.096855,0.119397,0.000000,10.800000,5.800000,0.160303,0.857765,3.000000
strong,0.2,477,4.77,10,0.791614,0.394813,0.800000,15.300000,44.800000,0.280614,0.798304,11.700000
