model,lambda_ss,critical_density
strong,0.0000,6.000000
strong,0.0500,6.000000
strong,0.1000,4.513333
strong,0.2000,4.000000
strong,0.3000,3.750000
strong,0.4000,3.000000
hub,0.0000,6.000000
hub,0.0500,5.500000
hub,0.1000,4.192500
hub,0.2000,2.916667
hub,0.3000,2.875000
hub,0.4000,2.166667
