model,lambda_ss,critical_density
strong,0.0000,5.153704
strong,0.2000,3.461806
strong,0.4000,2.447289
strong,0.6000,1.829832
strong,0.8000,1.422771
strong,1.0000,1.154762
hub,0.0000,5.153704
hub,0.2000,2.783482
hub,0.4000,1.806738
hub,0.6000,1.269330
hub,0.8000,0.969560
hub,1.0000,0.771144
