model,lambda_ss,critical_density
strong,0.0000,6.304688
strong,0.2000,4.522556
strong,0.4000,3.282979
strong,0.6000,2.424528
strong,0.8000,1.890167
strong,1.0000,1.543038
hub,0.0000,6.304688
hub,0.2000,3.982143
hub,0.4000,2.504425
hub,0.6000,1.825704
hub,0.8000,1.349299
hub,1.0000,1.057031
